,times
0,0.023636527999769896
1,0.03362320499581983
2,0.2544995489952271
3,0.013804417998471763
4,0.10270514200237812
5,0.04008803800388705
6,0.015951264002069365
7,0.10762530499778222
8,0.2578521629984607
9,0.01720764000492636
10,0.021338452999771107
11,0.27753944500000216
12,0.051577502003056
13,0.07851623599708546
14,0.681502075996832
15,0.19266091299505206
16,0.17902795899863122
17,0.039220438004122116
18,0.01213274600013392
19,0.1116904990049079
20,0.029536615998949856
21,0.07746123100514524
22,0.1864763550038333
23,0.03594814599637175
24,0.1019194000036805
25,0.045736374995613005
26,0.03905567699985113
27,0.9501914479988045
28,0.018781799997668713
29,0.02447697000025073
30,0.04442674500023713
31,0.032599318998109084
32,0.015394761998322792
33,0.028813345998059958
34,0.017091829002310988
35,0.016499566001584753
36,0.012471224996261299
37,0.012473613998736255
38,0.019240360998082906
39,0.01583835900237318
40,0.5474481639976148
41,0.9868288520010537
42,0.7151152349979384
43,0.013433209001959767
44,0.03182571999786887
45,0.16822547699848656
46,0.2885702439962188
47,0.24279874799685786
48,0.024927942002250347
49,0.013499829001375474
50,0.26331451300211484
51,0.06154961900028866
52,0.022092203005740885
53,0.02616929899522802
54,0.01591695999377407
55,0.03067277199443197
56,0.3937190639990149
57,0.09262240499811014
58,0.14070830999844475
59,0.0158001969975885
60,0.0581530869967537
61,0.03685302800295176
62,0.030964965000748634
63,0.020935848995577544
64,0.05230607799603604
65,0.2438257249959861
66,0.21638983199954964
67,0.05759036499512149
68,0.019260595996456686
69,0.01715967400377849
70,0.10050986299756914
71,0.017496938999101985
72,0.020910158003971446
73,0.025935846999345813
74,0.01755356200010283
75,0.01625754999986384
76,0.7107728580012918
77,0.3684177630057093
78,0.02436252100596903
79,0.015413060995342676
80,0.04000861499662278
81,0.1769457769987639
82,0.1860940330006997
83,0.018242268000904005
84,0.04208606899919687
85,0.058101971000724006
86,2.155846677000227
87,0.325930449005682
88,0.10411716700036777
89,0.05297071800305275
90,0.014620198999182321
91,0.023389308000332676
92,0.02627124299760908
93,0.03496266499860212
94,0.17341053100244608
95,0.047523993998765945
96,0.02043085000332212
97,0.03407438599970192
98,0.01412033799715573
99,0.13277382900560042
100,0.5224993259980693
101,0.03208159300265834
102,0.020006277001812123
103,0.030605188992922194
104,0.021057978003227618
105,0.1854273870048928
106,0.020256846000847872
107,0.014162448998831678
108,0.14822231699508848
109,0.11389944000256946
110,0.2851650550001068
111,0.2282632919959724
112,2.1531326129988884
113,0.012355247999948915
114,0.4666085210046731
115,0.01359441800013883
116,0.017603419000806753
117,0.0797797840059502
118,0.016852904002007563
119,0.517540075998113
120,0.018137776998628397
121,0.8527016640000511
122,0.030610851004894357
123,0.19009942199772922
124,0.02726551500381902
125,0.024759195002843626
126,0.024337581999134272
127,0.05174450699996669
128,4.526324078004109
129,0.15254858700063778
130,0.04592392899940023
131,0.1030950229978771
132,0.03989119500329252
133,0.02157609300047625
134,0.021473074004461523
135,0.014595428998291027
136,0.18012866799836047
137,0.7128568779953639
138,1.7713322580020758
139,0.06149074200220639
140,0.03831199499836657
141,0.35863999799767043
142,0.030777143998420797
143,0.013824330999341328
144,0.10754955199809046
145,0.026110781996976584
146,0.173684540000977
147,0.02915800099435728
148,0.04944582600001013
149,0.012473154005419929
150,0.01615022299665725
151,0.3849146659995313
152,0.17332969899871387
153,0.0470567409938667
154,0.017426610000256915
155,0.022634693996224087
156,0.2869521229949896
157,0.05006946699722903
158,0.08376285900158109
159,0.04929600500327069
160,0.07358846999704838
161,0.022990436998952646
162,0.046065604998148046
163,1.5391989439958706
164,0.03202809299546061
165,0.0649261939979624
166,0.037236142001347616
167,0.016490094996697735
168,0.016652477999741677
169,0.06902925900067203
170,0.023526649994892068
171,1.1078107659996022
172,0.04969794300268404
173,0.014015371998539194
174,0.020295802998589352
175,0.028291302995057777
176,0.054361638001864776
177,0.3835646200022893
178,0.02001435300189769
179,0.020341952003946062
180,0.033263422003074083
181,2.074254409999412
182,0.09506673499708995
183,0.014456254000833724
184,0.028694118998828344
185,0.08322373699775198
186,0.018151283999031875
187,1.9222082200067234
188,1.8152534370019566
189,0.012651265002205037
190,0.7383446389940218
191,0.016164009997737594
192,0.018280233001860324
193,0.4909166750003351
194,0.1712977100032731
195,0.06805141900258604
196,4.234857944000396
197,0.02625350400194293
198,0.02023359900340438
199,0.07085556899983203
200,0.08369444200070575
201,0.025878733998979442
202,0.10212009500537533
203,0.014792759997362737
204,0.16411730000254465
205,0.24446387000352843
206,0.013802353998471517
207,0.08476743999926839
208,0.016541996999876574
209,2.7629398069984745
210,0.0138456499989843
211,0.04631559499830473
212,0.06808972200087737
213,0.016377874002500903
214,0.021296390004863497
215,0.024305471997649875
216,0.040785555000184104
217,0.11349986599816475
218,0.04749770499620354
219,0.013057764001132455
220,0.2801172200051951
221,0.24798320699483156
222,0.03361916900030337
223,0.050621197995496914
224,0.08123582899861503
225,0.18672402600350324
226,0.01543267799570458
227,0.26186692499322817
228,0.015464677002455574
229,0.01377850000426406
230,0.03237840599467745
231,0.3142085110011976
232,0.013428104000922758
233,0.02396124500228325
234,0.8160295990019222
235,0.4032928449960309
236,0.058396993998030666
237,0.1287810029971297
238,7.337578615995881
239,0.07366014300350798
240,0.5063134299998637
241,0.01437547000386985
242,1.0358602310006972
243,1.2813817059941357
244,0.02796077400125796
245,1.0755213019947405
246,0.11305169499974
247,0.048162031001993455
248,0.07611938799527707
249,0.030327620996104088
250,0.01348535600118339
251,0.11546834000182571
252,0.022720738998032175
253,0.030145759003062267
254,0.019505800002662
255,0.11134956300520571
256,1.7158527999999933
257,0.23340529099368723
258,1.0516651409998303
259,0.7637401079991832
260,0.3513708669997868
261,0.05722183699981542
262,0.021096367003337946
263,0.12345524899865268
264,0.4176045320054982
265,0.09173386600014055
266,0.15665726700535743
267,0.0875222910035518
268,0.022714996004651766
269,0.21159758399880957
270,2.058160449996649
271,1.070220927002083
272,0.021782111005450133
273,0.025020059001690242
274,0.06660911699873395
275,0.11509457400097745
276,0.023281979003513698
277,0.04789907899976242
278,0.10756825599673903
279,0.02507454700389644
280,0.3923274689950631
281,0.016952477002632804
282,1.160528656997485
283,0.38462662199890474
284,0.01292230399849359
285,4.730539825002779
286,4.001451757001632
287,0.016103688001749106
288,0.03308099300193135
289,0.1332236840025871
290,0.021225804994173814
291,0.028505397000117227
292,0.08271791000152007
293,0.6295359319992713
294,0.013704247001442127
295,4.442447157998686
296,0.0191634119983064
297,0.023935086996061727
298,0.01741600600507809
299,0.04731658400123706
300,0.10604727600002661
301,0.026813702999788802
302,0.1105448090020218
303,3.328195688998676
304,0.025800572002481204
305,0.039773822005372494
306,0.1614775549969636
307,1.1805350119975628
308,0.07831272500334308
309,0.23245889299869305
310,0.04699059900303837
311,0.07806096599961165
312,0.017484877003880683
313,0.09232494499883614
314,2.252277151994349
315,0.5789084210045985
316,0.01538439800060587
317,0.017647166998358443
318,0.054690617995220236
319,0.02137218300049426
320,0.021335698998882435
321,0.061591987003339455
322,0.017790089004847687
323,0.02236548999644583
324,0.015624022998963483
325,0.20612149400403723
326,0.036582443994120695
327,0.3146645270026056
328,0.12379713600239484
329,0.2829610760018113
330,0.09747118299856083
331,0.014692987999296747
332,0.0388948689942481
333,0.27556966800329974
334,0.04914278200158151
335,0.03730684900074266
336,0.023384799998893868
337,0.027207159000681713
338,0.01952551500289701
339,0.023883667003246956
340,0.020197149002342485
341,0.23520568999811076
342,0.012942677996761631
343,0.015040927006339189
344,0.06966761399962706
345,0.02091801800270332
346,0.0803004140034318
347,0.806936326000141
348,0.2992469879973214
349,0.4179449299990665
350,0.023602556000696495
351,0.09442128500086255
352,0.24821930599864572
353,0.01583275200391654
354,1.5105850149993785
355,0.07114371599891456
356,0.07776200800435618
357,0.014001224000821821
358,0.02236978000291856
359,0.13627219099726062
360,0.013889157999074087
361,0.020974595005100127
362,0.01904207299958216
363,0.03000465900549898
364,0.0466703400015831
365,0.6275811400046223
366,0.21160963700094726
367,0.16886990300554316
368,0.025271817001339514
369,0.7736939770038589
370,0.026423098999657668
371,0.030774143000598997
372,0.3084047849988565
373,0.07343185799982166
374,0.02189778399770148
375,0.025892320001730695
376,0.02227815600053873
377,1.079939491006371
378,0.3519803859962849
379,0.026527656002144795
380,0.014904644005582668
381,0.13507436600048095
382,0.15154503400117392
383,2.2049149029990076
384,0.18258565200085286
385,0.10162744999979623
386,0.023484012002882082
387,0.1368273659973056
388,0.07311356999707641
389,0.018210627997177653
390,0.03678321799816331
391,0.07756584599701455
392,0.09395211900118738
393,0.23702520900405943
394,0.03456104100041557
395,0.17192953899939312
396,0.11468495699955383
397,0.025263788003940135
398,0.10854717599431751
399,0.023719686003460083
400,0.02582506999897305
401,0.06113082299998496
402,0.01804167999944184
403,0.02007068400416756
404,0.35160900100163417
405,0.025215279994881712
406,0.0454596749987104
407,1.0572291080025025
408,0.016176773002371192
409,0.7748623229999794
410,0.014694290002807975
411,0.05076033799559809
412,0.014742182000190951
413,0.03264961700187996
414,0.019102220998320263
415,0.014350078999996185
416,0.07263530199998058
417,0.03736094800115097
418,0.12720025399903534
419,0.02264969300449593
420,0.3749010489991633
421,0.018218883000372443
422,0.02279855599772418
423,0.26703854599327315
424,0.04320263800036628
425,1.437428142002318
426,0.04265980699710781
427,0.05870169200352393
428,0.025682120001874864
429,0.07787496499804547
430,5.755353471002309
431,0.04614344499714207
432,0.02846039499854669
433,0.19501674100320088
434,0.533674261001579
435,0.014460519996646326
436,0.05226317000051495
437,0.038665043997752946
438,0.7277114659955259
439,0.07492190899938578
440,0.0361478709965013
441,0.1557992820016807
442,0.014812145003816113
443,0.10171626199735329
444,0.03323920399998315
445,0.01839821100293193
446,1.0091654719944927
447,0.2720872799982317
448,1.9723861950042192
449,0.7896310330033884
450,0.023582089997944422
451,0.45922123700438533
452,0.3753643020027084
453,0.2886017280034139
454,0.06132415199681418
455,0.16346092900494114
456,0.035209823996410705
457,0.4882490410018363
458,0.029937307997897733
459,0.04383292100101244
460,0.22621814999729395
461,0.33532459999696584
462,0.3338706299982732
463,0.5024329290026799
464,0.043587590000242926
465,0.01666402200498851
466,0.07463032899977406
467,0.34250829499796964
468,0.03885212900058832
469,0.12521859100525035
470,0.030100995005341247
471,0.0651063140030601
472,0.02575297599832993
473,0.03439800399792148
474,0.01638094399822876
475,0.07691689199418761
476,0.09318056499614613
477,0.35294929599331226
478,0.1597264029987855
479,0.047180036002828274
480,0.01844644799712114
481,0.015008893999038264
482,0.2650850729987724
483,0.2053880029998254
484,0.035023901000386104
485,0.23795670900290133
486,0.7678987850013073
487,0.7284917040014989
488,0.09074891899945214
489,0.08059810700069647
490,0.05711115099984454
491,0.027247761005128268
492,0.2650392909999937
493,0.0731409009968047
494,0.023040592001052573
495,0.021603610999591183
496,0.12502644400228746
497,0.42468577600084245
498,0.023778157999913674
499,0.060490388998005074
500,0.21065753300354118
501,11.953521937000914
502,0.04244185300194658
503,0.11496662199351704
504,0.17619174400169868
505,0.362374889999046
506,0.18578345399873797
507,0.07110844599810662
508,0.039705619994492736
509,0.026058103001560085
510,0.08273514600296039
511,0.13374858099996345
512,0.019723051998880692
513,0.9990248909962247
514,0.07428595700184815
515,0.2083790830001817
516,0.0329481320004561
517,0.0374274339992553
518,0.08456802200089442
519,0.0937550660019042
520,0.0407730909937527
521,0.016599087000940926
522,0.04751879899413325
523,0.02334339600201929
524,0.04864198099676287
525,0.01561470900196582
526,0.01571505299943965
527,0.05779920100030722
528,0.02175553699635202
529,0.08962394399713958
530,0.01727430800383445
531,0.03671930599375628
532,0.04537749200244434
533,0.3217086860022391
534,0.4660825350001687
535,0.0442118790015229
536,1.22247863800294
537,0.1681332950029173
538,3.8580108980022487
539,0.02163144500082126
540,0.04951908400107641
541,0.015652269001293462
542,0.01527471999725094
543,0.07211218700103927
544,0.01760234899848001
545,0.015819815002032556
546,0.027831653998873662
547,0.040715013004955836
548,0.38559712799906265
549,0.019105467996269
550,0.4238186160000623
551,0.03433438600040972
552,0.01858336899749702
553,0.5718971120004426
554,0.01926588900096249
555,5.548997943995346
556,0.08890698899631388
557,3.05804035699839
558,0.021746043996245135
559,0.023271017998922616
560,0.017572773002029862
561,0.05207864700059872
562,0.03421603599417722
563,0.08973922499717446
564,0.04556109099939931
565,0.027761046003433876
566,0.01845410199894104
567,0.02595823800220387
568,0.10821381999994628
569,0.04026537700701738
570,0.10286158099916065
571,1.2287256950003211
572,0.014950694996514358
573,0.061768792002112605
574,0.20336869400489377
575,0.0470944699991378
576,0.0655559990045731
577,0.20554376400104957
578,0.06212849700386869
579,0.02025845699972706
580,0.027424900006735697
581,0.02440756199939642
582,0.28071196200471604
583,0.027229380000790115
584,0.4144414939946728
585,0.22176993600442074
586,0.17221283099934226
587,0.08773657600249862
588,0.016550699998333585
589,0.5044349789968692
590,0.30373125900223386
591,1.4652633980003884
592,0.027790120999270584
593,0.021836904001247603
594,0.024425684998277575
595,0.016790055997262243
596,0.0609260639976128
597,1.139919134999218
598,0.03390635200048564
599,0.01608671900612535
600,0.14585000299848616
601,0.13363432500045747
602,3.2073034740024013
603,0.18763596899952972
604,0.06210364800062962
605,0.03491344500071136
606,0.07565184200211661
607,0.07210825799847953
608,0.11543415200139862
609,0.02351384999928996
610,0.05445638200035319
611,0.03293788799783215
612,2.9082579109963262
613,0.02314761899469886
614,0.14278535499761347
615,0.24290273799852002
616,0.0824098020020756
617,0.3397388529992895
618,0.09869328499917174
619,0.04110002800007351
620,0.03859641999588348
621,0.02283378400170477
622,0.041700914000102784
623,0.09342288199695759
624,0.027895368002646137
625,0.1385185420003836
626,0.04097114999603946
627,1.5858564730006037
628,0.022692133999953512
629,0.027774282003520057
630,0.03309749699837994
631,1.670975722001458
632,0.17905610000161687
633,0.0788672909984598
634,0.04305936300079338
635,0.0325972520004143
636,0.026625813996361103
637,0.22200925500510493
638,1.5161849509968306
639,0.04381519799790112
640,0.027821660005429294
641,0.03301787200325634
642,0.09193883099942468
643,0.027150745001563337
644,0.583769721997669
645,0.0579705220006872
646,0.8056424160022289
647,0.050090477998310234
648,0.07606184399628546
649,0.2052236930030631
650,0.03803449399856618
651,0.36819035399821587
652,0.13687883599777706
653,0.03131016100087436
654,1.2448218310019001
655,1.5582014920000802
656,0.021117898002557922
657,0.0719310360000236
658,0.038711877998139244
659,0.15901281900005415
660,0.10109134799859021
661,0.07996646600076929
662,0.06392208399483934
663,0.023489767998398747
664,0.025152158996206708
665,0.2782719140013796
666,0.02883563000068534
667,0.08657926700107055
668,0.0795772549972753
669,0.018322960000659805
670,0.09575621299882187
671,0.15237396000156878
672,0.0912449050010764
673,0.9437666660014656
674,0.031094028003280982
675,0.8796918299995014
676,0.021552907994191628
677,0.02024991199868964
678,0.01837145299941767
679,0.14042568400327582
680,4.6318819649968646
681,0.14780023300409084
682,0.08684673099924112
683,0.037338288995670155
684,0.6767079600031138
685,0.15275243700307328
686,0.22861849299806636
687,0.030103555996902287
688,0.19095072899654042
689,0.0448935940003139
690,1.0923696329991799
691,0.1683611429980374
692,0.023799196002073586
693,0.01898665000044275
694,0.03872939300345024
695,0.03626572799839778
696,0.27094155400118325
697,0.11506961000122828
698,0.019437224000284914
699,0.029471499001374468
700,0.14539902900287416
701,0.04621250100171892
702,0.033853478998935316
703,0.016314210995915346
704,0.023948750000272412
705,0.0645218819990987
706,0.1322673710019444
707,0.16775531999883242
708,0.021118470998771954
709,0.37176038500183495
710,0.1250349370020558
711,0.017329239002719987
712,1.3422580410042428
713,0.050183810002636164
714,0.2311448569962522
715,0.03580758899624925
716,0.1754119209945202
717,0.1638281939958688
718,0.7569913219995215
719,0.15380008600186557
720,0.9984008219980751
721,0.029009890000452287
722,0.139069812001253
723,0.06784381099714665
724,2.2594467640010407
725,0.196236007999687
726,2.764480520003417
727,0.10764368299714988
728,0.023775076995661948
729,0.048630256998876575
730,0.030651576002128422
731,0.01614489500207128
732,0.02257563599414425
733,0.0675757720018737
734,0.05241633400146384
735,0.021062867999717128
736,0.20986960399750387
737,0.03496998799528228
738,0.0417459240052267
739,0.07525072499993257
740,0.017433351000363473
741,0.017929227993590757
742,0.039713379002932925
743,0.40577822799969
744,0.025696796001284383
745,0.020316542002547067
746,0.06060802499996498
747,0.015741629002150148
748,0.2591634689961211
749,0.46713336799439276
750,0.01682855399849359
751,0.018291973996383604
752,0.07608832599362358
753,1.2290946089997306
754,0.1443857019985444
755,0.020278228003007825
756,0.3044942999986233
757,0.19446536299801664
758,0.14451655899756588
759,0.3637073310019332
760,0.22635814499517437
761,0.07162151800002903
762,0.019949540997913573
763,0.21417056700011017
764,0.023950536000484135
765,0.01872280300449347
766,0.04183818499586778
767,0.028955597001186106
768,0.024126386000716593
769,0.01995475399598945
770,0.21473109000362456
771,0.18677473099523922
772,1.4269497670029523
773,0.020193168995319866
774,0.0747801809993689
775,0.07293550699978368
776,0.13305549799406435
777,0.11423789399850648
778,0.19034313099837163
779,0.019880583000485785
780,0.3210269189949031
781,0.47394583199638873
782,0.033056480999221094
783,0.016094484002678655
784,1.3575100879970705
785,0.024509141003363766
786,0.08369592900271527
787,0.09766781399957836
788,1.2340451010022662
789,1.6470919380008127
790,0.12850557299680077
791,0.360550269993837
792,0.03372993900120491
793,0.08597088499664096
794,0.04418809699564008
795,1.2362516600042
796,0.36607637800625525
797,12.65811385300185
798,0.018596055000671186
799,0.9747478169956594
800,0.014369104996148963
801,0.10947347799810814
802,0.5027401159968576
803,0.029739525998593308
804,0.014364609000040218
805,0.025136725998891052
806,0.07433387600030983
807,0.017793218001315836
808,0.08098062800127082
809,0.07544071300071664
810,0.049668366998957936
811,0.013786380004603416
812,0.17421190300228773
813,0.14956435200292617
814,0.02459650500532007
815,0.02044975799799431
816,0.26579495899932226
817,0.013045687999692746
818,0.013894518997403793
819,0.1573411489953287
820,0.05317034099425655
821,0.11418740900262492
822,0.015174462001596112
823,0.023444692997145467
824,0.021599337000225205
825,0.025839884001470637
826,0.4137964710025699
827,3.224249275001057
828,0.02976689500064822
829,0.013461198999721091
830,0.03831364100187784
831,0.0466288829993573
832,0.01663015899976017
833,0.01360281899542315
834,0.1874400480010081
835,0.5776079179995577
836,0.021197537003899924
837,0.03999249800108373
838,0.34449792400118895
839,0.02377327500289539
840,0.3296264720047475
841,0.04068726799596334
842,0.017816733998188283
843,0.09444018799695186
844,0.06181148400355596
845,0.12307142700592522
846,0.019820984998659696
847,0.44370082300156355
848,0.01362981599959312
849,0.019076602002314758
850,0.03334590300073614
851,0.02317052199941827
852,0.06724287099495996
853,0.02321592200314626
854,0.019678444994497113
855,0.032564960994932335
856,0.01568850100011332
857,0.825766002999444
858,0.014933252001355868
859,2.8427923369963537
860,0.0673172370006796
861,0.3295448389981175
862,0.1346650129999034
863,0.05073764899861999
864,0.039199314000143204
865,0.14322412599722156
866,0.08009682199917734
867,0.061268999001185875
868,0.021716800998547114
869,0.0757204979963717
870,0.20427557799848728
871,0.37036115200317
872,0.015633447997970507
873,0.023782693002431188
874,0.02351982399704866
875,0.2447385170016787
876,0.019462082003883552
877,0.021719240001402795
878,0.10316235199570656
879,0.025424300001759548
880,0.06907136399968294
881,0.19185281199315796
882,0.017742215997714084
883,0.02091894800105365
884,0.10302691299875733
885,0.09115623799880268
886,0.4183410269979504
887,0.05603560500458116
888,0.6466709960004664
889,0.06010294499719748
890,0.19680994100053795
891,0.03033792399946833
892,0.06177203499828465
893,0.20716763199743582
894,1.217304357996909
895,0.06174483900394989
896,0.026631871005520225
897,0.015192519000265747
898,0.012885654999990948
899,0.013043074999586679
900,0.048078250998514704
901,0.19789046400546795
902,0.41875424300087616
903,0.04810728099982953
904,0.014372713005286641
905,0.11435129799792776
906,0.21887182000500616
907,0.02811230999941472
908,0.07940077200328233
909,0.1098440030036727
910,0.01753952600120101
911,0.013699691000510938
912,0.030155915999785066
913,0.022524496002006344
914,0.37638894299743697
915,0.015546898997854441
916,0.9072246750001796
917,0.01434656500350684
918,0.035159558996383566
919,0.11494814400066389
920,0.013030280002567451
921,0.02106950199959101
922,0.01715887200407451
923,0.021738651004852727
924,0.734993060999841
925,0.07350442800088786
926,0.12561795999499736
927,0.013893037001253106
928,0.02558916799898725
929,0.01488093600346474
930,0.014851198997348547
931,0.03404938599851448
932,0.02830268899560906
933,0.1967165330061107
934,0.037111676996573806
935,0.0954233349984861
936,0.24701635599922156
937,1.923337984000682
938,0.019594575998780783
939,0.01795863099687267
940,0.057773963002546225
941,0.015437914997164626
942,0.01909038300073007
943,1.6790448129977449
944,0.12585605600179406
945,0.028979073998925742
946,0.5034536460007075
947,0.021298230996762868
948,0.07694988600269426
949,0.044559998998011
950,1.8101504579972243
951,0.18008843300049193
952,0.2869226139955572
953,0.017440661002183333
954,0.643193017996964
955,0.014882217001286335
956,0.05739567300042836
957,0.4494975429988699
958,0.037667002994567156
959,1.7221199949999573
960,0.05323717999999644
961,0.4191977560039959
962,0.3767717519949656
963,0.02339762100018561
964,0.05784874700475484
965,0.013110259002132807
966,0.7267033129974152
967,0.020303463999880478
968,0.022740836000593845
969,0.036243734997697175
970,0.024912852997658774
971,0.24143129299773136
972,0.1814761860005092
973,0.5784541460016044
974,0.1576045530018746
975,0.22438158899603877
976,0.04541844200139167
977,0.05410330800077645
978,1.3306389349963865
979,0.40372468999703415
980,0.02055442099663196
981,0.020177268001134507
982,0.02575671800150303
983,0.0738664329983294
984,0.022323422999761533
985,0.05254457900446141
986,0.04996596099954331
987,0.01638405099947704
988,0.05149942199932411
989,0.07530800300446572
990,0.01638521000131732
991,0.0836549469968304
992,0.6247852590022376
993,0.028305020998232067
994,0.06666778200451517
995,0.04473888299980899
996,0.10072765599761624
997,1.403096750997065
998,0.09895967000193195
999,0.015110369997273665
1000,0.19788869400508702
1001,0.20007882099889684
1002,0.022452725999755785
1003,0.062268631998449564
1004,0.01440346199524356
1005,0.05279498500021873
1006,1.015980614
1007,0.053275026999472175
1008,0.019940491001761984
1009,0.08436271200480405
1010,0.38414915700559504
1011,0.04289380699628964
1012,0.031320793998020235
1013,0.034719406998192426
1014,0.035800311001366936
1015,1.7607506470012595
1016,0.10490057399874786
1017,0.03265104399906704
1018,0.28340195900091203
1019,0.0547171910002362
1020,0.11323567399813328
1021,0.04939576699689496
1022,0.014751005997823086
1023,1.2900618100029533
1024,0.17377833800128428
1025,0.031642709000152536
1026,0.47427568300190615
1027,0.022471907999715768
1028,0.08543817399913678
1029,0.03746454099746188
1030,0.018121622000762727
1031,0.07326483199722134
1032,0.120754723000573
1033,0.02221587300300598
1034,0.0506233380001504
1035,0.018614311993587762
1036,0.03186457099945983
1037,0.020506300999841187
1038,0.10597804500139318
1039,0.3003430320022744
1040,0.16806295199785382
1041,0.029272296000272036
1042,0.2477781799971126
1043,2.714476455003023
1044,0.05236134000006132
1045,0.021714520997193176
1046,0.3074449029954849
1047,0.5310312799992971
1048,0.018069279998599086
1049,0.2694380760003696
1050,0.3198267189945909
1051,0.02677622299961513
1052,0.01816754599713022
1053,0.04458699499809882
1054,0.23128015900147147
1055,0.029123970001819544
1056,0.01443599299818743
1057,0.023432583999237977
1058,0.016877349000424147
1059,0.03131651200237684
1060,1.0673282980060321
1061,0.02499767600238556
1062,0.01730957299878355
1063,0.02827475799858803
1064,6.017920826998306
1065,0.5890660049990402
1066,0.03229274700424867
1067,0.03701840499707032
1068,0.12461916300526354
1069,2.1911888619943056
1070,1.1160954220031272
1071,0.015336261996708345
1072,0.3177212619993952
1073,0.056073038998874836
1074,0.03826444399601314
1075,0.017598949998500757
1076,0.01731771300546825
1077,0.03763261399581097
1078,0.014596387001802213
1079,0.028354599999147467
1080,0.023004413000307977
1081,0.02844172899494879
1082,0.02264828899933491
1083,0.02219239300029585
1084,0.045036334995529614
1085,0.052369656004884746
1086,0.4066281240011449
1087,0.01604840000072727
1088,5.315426652996393
1089,0.04537643400544766
1090,1.3030981370029622
1091,0.03092358599678846
1092,7.323361797003599
1093,0.05687653100176249
1094,0.2643023240016191
1095,0.026877457996306475
1096,0.017334051000943873
1097,0.015595880002365448
1098,0.04363313000067137
1099,0.31573775300057605
1100,0.016920417998335324
1101,0.024551254995458294
1102,0.17241942100372398
1103,0.04201993899914669
1104,0.01517654999770457
1105,0.02531976099999156
1106,0.0208022609949694
1107,0.021012389006500598
1108,0.12092180200124858
1109,0.08122985099907964
1110,0.058799400001589675
1111,0.20882850699854316
1112,0.016251344000920653
1113,0.016227647000050638
1114,0.05761821199848782
1115,0.1461469229980139
1116,0.014868685000692494
1117,0.3269939519959735
1118,0.4647864939979627
1119,1.7547118959992076
1120,0.03913730999920517
1121,0.05042852599581238
1122,0.0257076869966113
1123,0.1507572650007205
1124,0.1692474619994755
1125,0.13215719500294654
1126,0.08476287899975432
1127,0.02092542700120248
1128,0.031578039001033176
1129,0.12354630099434871
1130,0.02028307699947618
1131,0.06640911499562208
1132,1.1624324840013287
1133,0.19322948300396092
1134,0.07442655699560419
1135,0.05937976700079162
1136,0.45443480600079056
1137,0.05594177799503086
1138,0.06692790200031595
1139,39.7163425760009
1140,0.014779998004087247
1141,1.945478658999491
1142,0.06619845199747942
1143,0.05046181699435692
1144,0.014682362001622096
1145,0.08608753600128694
1146,12.91443640000216
1147,0.01452612199500436
1148,0.03506503400421934
1149,0.02600430799793685
1150,0.09531943500041962
1151,0.07275839000067208
1152,0.056434859994624276
1153,0.04484016700007487
1154,0.015285504996427335
1155,0.11642949499946553
1156,0.03224243900331203
1157,0.1111974109953735
1158,0.20069254499685485
1159,3.441679204996035
1160,0.02174527000170201
1161,0.033274072004132904
1162,0.0822031319985399
1163,0.08999963899987051
1164,0.020816304000618402
1165,0.23920875300245825
1166,0.015327711997088045
1167,0.3074443229997996
1168,0.09561533200030681
1169,0.22866464099934092
1170,0.1631188329993165
1171,0.09715699200023664
1172,0.03512251700158231
1173,0.24632693199964706
1174,0.5614519869996002
1175,0.02311924999958137
1176,0.13759251100418624
1177,0.27432781000243267
1178,0.07603764099621912
1179,0.44731591299932916
1180,0.3151493990008021
1181,0.019259190994489472
1182,0.02878005800448591
1183,0.018643529001565184
1184,0.057858021995343734
1185,0.08805731400207151
1186,0.17953264099924127
1187,0.36880343699886
1188,0.02807693599606864
1189,0.2583137670008
1190,0.15965464200417046
1191,0.035530168999684975
1192,0.019790111000475008
1193,0.054527863998373505
1194,1.4630952709994745
1195,0.05025638500228524
1196,0.0391224790000706
1197,0.0157118380011525
1198,0.025710968002385926
1199,0.01659801999630872
1200,0.04673852400446776
1201,0.028732131999277044
1202,0.01673791500070365
1203,0.0626978920045076
1204,0.0323931460006861
1205,0.1901123759962502
1206,0.02366364600311499
1207,0.019286309005110525
1208,0.07713064400013536
1209,0.014791764995607082
1210,0.057141805998981
1211,1.9544535769964568
1212,0.03154924100090284
1213,0.015902374005236197
1214,34.93576159100485
1215,0.16268746300193015
1216,0.026222879001579713
1217,0.017118780000600964
1218,0.05678823000198463
1219,0.027563308998651337
1220,0.0412618099944666
1221,0.016941765999945346
1222,0.034327136003412306
1223,0.040369712995016016
1224,2.111950569000328
1225,0.6803313540003728
1226,0.017053675997885875
1227,0.039552140995510854
1228,0.029414474993245676
1229,0.3202283379941946
1230,0.04789054499997292
1231,0.2621627299959073
1232,0.02186113099742215
1233,0.03884948999620974
1234,0.18162182900414336
1235,0.07026390000100946
1236,0.06795176600280683
1237,0.04414214900316438
1238,0.05583448999823304
1239,0.10763230999873485
1240,0.7554961860005278
1241,0.10922021100122947
1242,0.07605638899985934
1243,0.7243971490024705
1244,0.3066229920004844
1245,0.015571606003504712
1246,0.3536578239945811
1247,7.891288503000396
1248,0.04668694899737602
1249,0.01811443400220014
1250,0.3109439100007876
1251,0.07041671899787616
1252,0.04570112700457685
1253,0.0138605330066639
1254,0.025137505996099208
1255,0.044201912998687476
1256,0.029873197003325913
1257,0.756088970003475
1258,1.2664107659948058
1259,0.6600939970012405
1260,0.02420404699660139
1261,0.01716114599548746
1262,0.18576034699799493
1263,0.5700618179980665
1264,0.9001347770026769
1265,0.03290445700258715
1266,0.015489613993850071
1267,0.028854707998107187
1268,0.031296269000449684
1269,0.02521360500395531
1270,0.06045390200597467
1271,0.03739990000030957
1272,0.016251039996859618
1273,0.014779765995626803
1274,0.015121696000278462
1275,0.06846387099358253
1276,0.05478200899960939
1277,0.08916059700277401
1278,0.017451604995585512
1279,0.2594737039980828
1280,0.04963580500043463
1281,0.06536194100044668
1282,0.4470197510017897
1283,0.03055251400655834
1284,0.06728992699936498
1285,0.3536154589965008
1286,0.12607272100285627
1287,0.05447015900426777
1288,0.4165275159975863
1289,0.03802803500002483
1290,0.01874010599567555
1291,0.13140770699828863
1292,0.06171875300060492
1293,0.08937083199998597
1294,0.019371324000530876
1295,0.05223575900163269
1296,0.322256922001543
1297,0.20113109199883183
1298,0.06810696300090058
1299,0.121710120998614
1300,1.5304095620012959
1301,0.1330009710000013
1302,0.19754916400415823
1303,0.019507586002873722
1304,0.034723548000329174
1305,0.028526223002700135
1306,0.023517674002505373
1307,0.266928598000959
1308,0.02470492299471516
1309,0.1066291990064201
1310,0.16885195899521932
1311,0.13815956300095422
1312,0.05906670999684138
1313,0.022200154002348427
1314,0.015226830997562502
1315,0.2976833080028882
1316,2.206193293000979
1317,0.32129788499878487
1318,0.01635584299947368
1319,0.026025387000117917
1320,0.026441077003255486
1321,0.03350406900426606
1322,0.030130589002510533
1323,1.177990038995631
1324,0.04694842900062213
1325,0.01530345400533406
1326,0.13415101099963067
1327,0.06849020599474898
1328,0.051876168996386696
1329,0.0833933519970742
1330,0.050739751997753046
1331,0.02728672699595336
1332,0.052681267996376846
1333,3.8415555149986176
1334,0.09331797799677588
1335,4.193810612006928
1336,0.016140686995640863
1337,0.030374030000530183
1338,0.015422041004057974
1339,0.12417346699658083
1340,0.37020539499644656
1341,0.015487110998947173
1342,0.024994074999995064
1343,0.23677682899869978
1344,0.030510119002428837
1345,0.021045333000074606
1346,0.026528344002144877
1347,0.38130813900352223
1348,0.4048359279986471
1349,0.031004395001218654
1350,0.10737652699754108
1351,0.029411855000944342
1352,0.10437860600359272
1353,0.022277706004388165
1354,0.7630574549984885
1355,0.28495057100371923
1356,0.03329487799783237
1357,0.024256620003143325
1358,0.14535600399540272
1359,0.17865773400262697
1360,0.01692365200142376
1361,0.09217372000421165
1362,16.520783954001672
1363,0.02798489199631149
1364,0.5121838199993363
1365,0.024586111001553945
1366,0.0231296839992865
1367,0.059278938999341335
1368,0.12822887099900981
1369,0.1660309450016939
1370,0.017376428993884474
1371,1.3234736630038242
1372,0.015220205998048186
1373,0.05715523000253597
1374,0.1068596660043113
1375,0.13877108900487656
1376,0.019646213004307356
1377,0.10302664800110506
1378,0.18799944999773288
1379,0.06445810200239066
1380,0.2189286689972505
1381,0.029599305998999625
1382,0.2409619579993887
1383,3.359710005999659
1384,0.18593656399752945
1385,0.4611400780049735
1386,0.03856669399829116
1387,0.047659712996392045
1388,0.3395419189982931
1389,0.1283639649991528
1390,0.032527893999940716
1391,0.032227551004325505
1392,0.03970627700618934
1393,0.08469308699568501
1394,0.015132975000597071
1395,0.2363533509997069
1396,0.023655474004044663
1397,0.039232195005752146
1398,0.8162960369954817
1399,0.04906479899364058
1400,0.07208473100035917
1401,0.018813681999745313
1402,0.024119847003021277
1403,0.06742575699900044
1404,0.4855414230041788
1405,0.016799352000816725
1406,0.028085335005016532
1407,0.09274809699854814
1408,0.026521510000748094
1409,0.022824432999186683
1410,0.04775575300300261
1411,0.04515678900497733
1412,0.42649572800291935
1413,0.21629907500027912
1414,0.13980643199465703
1415,0.023536609995062463
1416,0.01984829299908597
1417,0.05172658200172009
1418,0.06994468100310769
1419,0.11690525500307558
1420,0.3407063589984318
1421,0.07752883099601604
1422,0.28166640699782874
1423,1.2038732030050596
1424,0.12931883899727836
1425,0.037407372998131905
1426,0.16033296399837127
1427,0.259166299001663
1428,0.029000212998653296
1429,0.07919603800110053
1430,0.8598248019989114
1431,0.08944159499515081
1432,0.07875200200214749
1433,0.12058363699907204
1434,0.1793583039980149
1435,0.4033340720052365
1436,0.02553774900297867
1437,0.015709897001215722
1438,1.0730815089991665
1439,15.386740220004867
1440,0.12284090400498826
1441,0.01569312500214437
1442,0.16576263200113317
1443,0.025769911000679713
1444,0.08197245399787789
1445,0.01928703099838458
1446,0.07608400099707069
1447,0.2290563890055637
1448,0.033163038999191485
1449,0.04942511099943658
1450,0.2061643390043173
1451,0.9029770279958029
1452,0.01414042100077495
1453,0.014075068000238389
1454,0.032467794000694994
1455,0.0860281230052351
1456,0.02684243399562547
1457,0.018399512002361007
1458,0.03290051500516711
1459,0.11613532200135523
1460,0.046312792001117487
1461,0.02195885100081796
1462,0.015757626002596226
1463,0.20965143499779515
1464,1.9399966089986265
1465,0.14034664499922656
1466,0.03327868899941677
1467,0.040609279996715486
1468,0.20658064899907913
1469,0.07494993400177918
1470,0.10832591299549676
1471,0.01775717300188262
1472,0.09626972799742362
1473,0.020409508993907366
1474,0.022652867002761923
1475,0.1920671229963773
1476,0.17036458200163906
1477,0.03639064100570977
1478,0.02144959599536378
1479,0.10268619099952048
1480,0.11523308300093049
1481,0.02657655900111422
1482,0.11247161399660399
1483,0.035046317003434524
1484,0.4196733179996954
1485,0.014718407001055311
1486,0.018221766003989615
1487,0.016287211001326796
1488,0.1251389309982187
1489,0.07231009600218385
1490,0.7745263489996432
1491,0.014495488001557533
1492,0.027843141004268546
1493,0.0824134549984592
1494,0.033434221004426945
1495,0.13589793900609948
1496,0.2639299069996923
1497,0.1857177620040602
1498,0.014674414000182878
1499,0.24215211299451767
1500,0.026948922997689806
1501,0.01770929599297233
1502,0.052606725999794435
1503,0.01727898799435934
1504,0.052530752996972296
1505,0.10774858399963705
1506,0.04613792499731062
1507,0.016382842004531994
1508,1.8551141880016075
1509,0.03107069000543561
1510,0.2064623090045643
1511,0.05140275900339475
1512,0.08759701300004963
1513,0.041314356996736024
1514,0.015431503998115659
1515,0.22875648499757517
1516,0.02125975300441496
1517,0.016382095993321855
1518,0.09118339900305727
1519,0.06488217399601126
1520,0.04059294099715771
1521,0.37498975800554035
1522,0.3918182569977944
1523,0.052150686002278235
1524,0.8977901110047242
1525,0.022475906000181567
1526,0.5521548399992753
1527,0.5200360899980296
1528,0.17608497599576367
1529,0.08993998599908082
1530,0.021263737995468546
1531,0.03922225299902493
1532,0.08008684199739946
1533,0.2772835700016003
1534,0.12456037200172432
1535,0.3491985200016643
1536,0.035831140994559973
1537,0.029364403999352362
1538,0.0636299429970677
1539,0.02813625300041167
1540,1.0836669380005333
1541,0.055679618002614006
1542,0.025991139002144337
1543,0.025767043000087142
1544,0.03537157699611271
1545,0.13807315500162076
1546,0.014999437000369653
1547,0.018722184002399445
1548,0.02289748399925884
1549,0.28117410000413656
1550,0.026920646996586584
1551,0.056073339001159184
1552,0.0731417139977566
1553,0.01624528599495534
1554,0.03652028400392737
1555,0.017561222004587762
1556,0.026226517002214678
1557,0.042573355000058655
1558,0.02398776900372468
1559,0.2376269769956707
1560,0.2339398539988906
1561,0.19919988199399086
1562,0.04701988500164589
1563,0.03557763599383179
1564,0.10072945199499372
1565,0.05291797600511927
1566,0.04226394400029676
1567,0.014256816997658461
1568,0.0366915760023403
1569,0.672052016001544
1570,0.0379336219994002
1571,0.05710382400138769
1572,0.04016430599585874
1573,0.8218541269961861
1574,0.23413653400348267
1575,0.02284403599333018
1576,0.0530633900052635
1577,0.018237728996609803
1578,0.8828687100030947
1579,0.04874657800246496
1580,0.02191379199939547
1581,0.32313393599906703
1582,0.2941672400047537
1583,1.1338613019979675
1584,0.14254495500063058
1585,0.023292806996323634
1586,0.7225203470006818
1587,0.015812293997441884
1588,0.08742814599827398
1589,0.059027515999332536
1590,0.016659297994920053
1591,0.04807247000280768
1592,0.03134691499872133
1593,0.07207183699938469
1594,0.03681260700250277
1595,0.048752401999081485
1596,0.09684218500478892
1597,0.17927858499751892
1598,0.023372520998236723
1599,0.04356708100385731
1600,0.02327041799435392
1601,0.020958569002687
1602,0.34379318399442127
1603,0.2412068800040288
1604,0.177436279001995
1605,0.013598840996564832
1606,0.030994813998404425
1607,0.022245027001190465
1608,0.015938119002385065
1609,0.018854643996746745
1610,0.05680565800139448
1611,0.05518577699695015
1612,0.31091562200163025
1613,0.016351712998584844
1614,0.09096103100455366
1615,0.240249173999473
1616,0.019055826996918768
1617,0.02401952700165566
1618,0.019446136000624392
1619,0.0508127200009767
1620,0.01561871700687334
1621,0.3825342970012571
1622,0.28220082000188995
1623,0.01526389000355266
1624,0.6401991229940904
1625,0.19109571399894776
1626,0.020488845999352634
1627,0.2886722760013072
1628,0.5570646349951858
1629,0.014190393994795159
1630,0.016742707004596014
1631,0.05021802600094816
1632,0.040588347997982055
1633,0.07889721899846336
1634,0.11475604599399958
1635,0.11849808099941583
1636,0.016255796996119898
1637,0.03987990000314312
1638,0.03732173999742372
1639,0.3752338670019526
1640,0.45956362599827116
1641,0.019154216002789326
1642,0.030213195001124404
1643,0.018873374996474013
1644,2.0992765170012717
1645,1.2773955570010003
1646,0.6402595559993642
1647,0.03239871599362232
1648,0.7558913760003634
1649,0.21243651200347813
1650,0.03068800800247118
1651,0.10497465899970848
1652,0.2367668259976199
1653,0.07979298999998719
1654,0.055392150999978185
1655,0.017574782003066503
1656,0.015514981001615524
1657,0.017921327002113685
1658,0.37157191499863984
1659,0.18022557799849892
1660,0.09579190400108928
1661,0.18004849100543652
1662,0.03541999799926998
1663,0.11769190299673937
1664,0.3569928319993778
1665,1.145786606000911
1666,0.01675608900404768
1667,0.015942199002893176
1668,0.041193163000571076
1669,0.04363316099625081
1670,0.03497987800074043
1671,0.05606054599775234
1672,0.041826952998235356
1673,0.36335189399687806
1674,0.2623972559958929
1675,0.2287297880029655
1676,0.039739130006637424
1677,0.06025037200015504
1678,0.017841348999354523
1679,0.03596623500197893
1680,0.10191119900264312
1681,0.19797716900211526
1682,0.8890349219946074
1683,0.019794747000560164
1684,0.019349759997567162
1685,0.03767647600034252
1686,0.08521810099773575
1687,0.7419409670037567
1688,0.022501244995510206
1689,0.0171163919949322
1690,0.6519805470015854
1691,0.17212997999740764
1692,0.04424593099975027
1693,0.022890291998919565
1694,3.9967736120015616
1695,0.1192003050018684
1696,0.42667206899932353
1697,0.053649329995096195
1698,0.24558352700114483
1699,0.02239557300345041
1700,4.039825833002396
1701,1.8043274360024952
1702,0.029893276005168445
1703,0.08764490199973807
1704,0.6296523300043191
1705,0.21308016999682877
1706,0.23195875699457247
1707,0.24750796599983005
1708,0.14127866700437153
1709,0.08423861899791518
1710,0.04977312000119127
1711,0.0399512220028555
1712,0.021814292995259166
1713,0.7450060129995109
1714,0.13036770700273337
1715,0.15869952999491943
1716,0.08323008700244827
1717,0.030813056000624783
1718,0.018779238998831715
1719,0.11495977899903664
1720,0.24336251999920933
1721,0.016170409995538648
1722,0.6926251990007586
1723,0.03170841200335417
1724,0.056274431000929326
1725,0.032178859000850935
1726,0.11555256499559619
1727,0.19833456000196747
1728,0.04859217400371563
1729,0.023672322000493295
1730,0.05448990099830553
1731,0.482539437005471
1732,0.02522990400029812
1733,0.027256860994384624
1734,0.0409460439987015
1735,0.03439251500094542
1736,0.04300922499533044
1737,0.07417064600304002
1738,0.6332479839984444
1739,0.07457643099769484
1740,0.05697364999650745
1741,0.018130226999346633
1742,0.02184242800285574
1743,0.42130540699872654
1744,5.0185054859975935
1745,0.1037430900032632
1746,0.07929783100553323
1747,1.392723452001519
1748,0.15873174300213577
1749,0.02689110599749256
1750,0.2825071420011227
1751,0.0941352640002151
1752,0.02701724600046873
1753,0.032380475000536535
1754,0.04325146799965296
1755,0.018338510999456048
1756,0.015030440001282841
1757,0.04385241000272799
1758,0.0169668449962046
1759,0.033353571001498494
1760,0.022205870001926087
1761,2.3355227619977086
1762,0.1915992060021381
1763,0.032622503000311553
1764,0.07198593100474682
1765,0.9721380920018419
1766,0.032658750998962205
1767,0.2567308240031707
1768,2.7448769550028373
1769,0.0453560780006228
1770,0.14342573599424213
1771,0.03358758700051112
1772,0.3487755259993719
1773,0.02139499400072964
1774,0.05552451100083999
1775,0.01870565400167834
1776,0.029813195003953297
1777,0.017933595001522917
1778,0.023906397000246216
1779,0.12902201199904084
1780,0.017164222997962497
1781,0.21303110800363356
1782,0.025646574998972937
1783,0.3707333559941617
1784,0.037173083997913636
1785,0.6610235299958731
1786,0.0348641119999229
1787,0.061460857003112324
1788,0.0896592220015009
1789,0.3467549009947106
1790,0.2617156869964674
1791,0.050172768998891115
1792,0.021735781003371812
1793,0.19530716999724973
1794,0.09285573899978772
1795,0.016214447998208925
1796,0.016244990001723636
1797,0.2777677650010446
1798,0.04002555199986091
1799,0.0369816769962199
1800,0.01913103900005808
1801,0.016484918000060134
1802,0.018331525003304705
1803,0.050922555004945025
1804,1.2714218320033979
1805,0.06904932000179542
1806,0.06361235800432041
1807,0.017186407996632624
1808,0.3853716559970053
1809,0.04678820200206246
1810,0.019194437001715414
1811,0.02270264000253519
1812,0.015541467000730336
1813,0.1777303349954309
1814,0.029087189999700058
1815,1.8225614420007332
1816,0.2724621669985936
1817,1.1423864210009924
1818,0.021972523994918447
1819,0.026252481999108568
1820,0.018296056005056016
1821,0.019001297994691413
1822,0.015101559001777787
1823,0.028382835000229534
1824,0.14080771899898537
1825,0.11745292100385996
1826,0.01739149499917403
1827,0.03331829799572006
1828,0.20773273300437722
1829,0.04775771600543521
1830,96.52259705500182
1831,0.16733621099410811
1832,0.3300395780024701
1833,0.15329058000497753
1834,0.02424853500269819
1835,0.01844634400185896
1836,0.016747922003560234
1837,0.09633644499990623
1838,0.02259083299577469
1839,0.26889712100091856
1840,0.06498415699752513
1841,0.5605874879984185
1842,0.026990361002390273
1843,0.025500709998595994
1844,0.08983286600414431
1845,0.04906613100320101
1846,0.025375072000315413
1847,0.059716834002756514
1848,0.019198426998627838
1849,0.019309115996293258
1850,0.022706743999151513
1851,0.04329338600655319
1852,0.028091685999243055
1853,0.15971407300094143
1854,0.10881249199883314
1855,0.028755141000146978
1856,0.018030887003988028
1857,0.019851873999868985
1858,0.10174477900000056
1859,0.099714636002318
1860,0.10177384399867151
1861,0.3684247470009723
1862,0.04433532900293358
1863,0.03143317999638384
1864,0.0675550710002426
1865,0.6498866270048893
1866,0.035794655996141955
1867,0.1423165180021897
1868,0.12325429400516441
1869,0.021165641999687068
1870,0.1382072979977238
1871,0.0875581259970204
1872,0.12476933400466805
1873,0.07554237599833868
1874,0.020167795002635103
1875,0.034891212002548855
1876,0.06668603800062556
1877,0.025999542995123193
1878,0.06301036800141446
1879,17.026206818998617
1880,0.017896568999276496
1881,0.03443552699900465
1882,0.057525367999915034
1883,0.07067560800351202
1884,0.020290750995627604
1885,0.20128690399724292
1886,0.13971396899432875
1887,0.06116447499516653
1888,0.05404739300138317
1889,3.326271470003121
1890,0.031205945000692736
1891,0.03529507500206819
1892,0.08239592899917625
1893,0.028118531001382507
1894,0.047467306001635734
1895,0.14603234300011536
1896,0.025076099002035335
1897,0.02450560699799098
1898,0.0728016729990486
1899,0.3827022810000926
1900,0.016307550999044906
1901,0.5376532070004032
1902,0.580804746998183
1903,0.03257674499764107
1904,0.06225317099597305
1905,0.017291878000833094
1906,0.09589965299528558
1907,0.02744128899939824
1908,0.038273363999905996
1909,0.16495706499699736
1910,0.030899078003130853
1911,0.12734618999820668
1912,0.17984769999748096
1913,0.016936448999331333
1914,0.02454746999865165
1915,0.0317313759951503
1916,0.21763268500217237
1917,0.3766423799970653
1918,0.03792769400024554
1919,0.06293052600085502
1920,0.08858858299936401
1921,0.8647064059987315
1922,0.08815660600521369
1923,0.0264400329979253
1924,0.03996822999761207
1925,0.06942073700338369
1926,0.37698930600163294
1927,0.5129763250006363
1928,0.1213027800040436
1929,0.14715957799489843
1930,0.0321479400008684
1931,0.02589565699599916
1932,0.08030263699765783
1933,1.8891230809967965
1934,0.024919185001635924
1935,0.20015625900123268
1936,0.024446827999781817
1937,0.037362593997386284
1938,0.44675576200097566
1939,0.0337387179970392
1940,0.03136912499758182
1941,0.018083744995237794
1942,0.01711775599687826
1943,0.39515967699844623
1944,0.04466370999580249
1945,0.03751250999630429
1946,0.05867980400216766
1947,0.020252536996849813
1948,0.2821925729949726
1949,0.25791605199628975
1950,0.024904605001211166
1951,0.04477829900133656
1952,0.039012152003124356
1953,0.22609334099979606
1954,19.939914867994958
1955,0.03252842700021574
1956,0.36540654900454683
1957,0.02339813300204696
1958,0.04497532799723558
1959,0.028776248000212945
1960,0.08135342400055379
1961,0.026221815998724196
1962,0.025648068003647495
1963,0.06606520499917679
1964,0.041069284998229705
1965,0.16618509299587458
1966,0.02465162900625728
1967,0.4068871970011969
1968,0.021603576999041252
1969,0.019066364999162033
1970,0.15482387199881487
1971,0.017858338993391953
1972,0.0199757540030987
1973,0.06684338799823308
1974,0.018710846998146735
1975,0.14021607000177028
1976,1.7029923290028819
1977,0.03965483800129732
1978,0.018664130999241024
1979,0.02003486899775453
1980,0.04705889799515717
1981,0.04248687400104245
1982,0.7848324400038109
1983,0.01879809700039914
1984,0.5333003519990598
1985,0.019481146002362948
1986,0.2897217450008611
1987,0.022507658999529667
1988,0.03212217499822145
1989,0.5605689549993258
1990,0.01782808399730129
1991,0.08930869899631944
1992,0.06735507299890742
1993,0.03639347499847645
1994,0.026296176998584997
1995,1.2578393009971478
1996,0.014384345995495096
1997,0.04248834199825069
1998,0.03613685200252803
1999,0.12245946300390642
2000,0.09466438799427124
2001,0.042184338002698496
2002,0.3560579990007682
2003,0.11849401800282067
2004,0.34227681300399126
2005,0.017524201997730415
2006,0.018511531998228747
2007,0.038075895005022176
2008,0.04847344100562623
2009,0.19225220099906437
2010,0.1204214990066248
2011,0.24878027600061614
2012,0.06987664799817139
2013,0.03481875600118656
2014,0.1516783140032203
2015,0.22516553400055273
2016,0.036009194001962896
2017,0.017667984997387975
2018,0.03325097299966728
2019,0.16404362300090725
2020,0.023202202006359585
2021,0.2972150130008231
2022,0.045355219997873064
2023,0.025296036998042837
2024,0.032582709995040204
2025,1.2790861949979444
2026,0.038788853998994455
2027,0.46615719099645503
2028,0.7223494099962409
2029,0.08519720699405298
2030,0.07146362400089856
2031,0.03252430699649267
2032,4.907864266002434
2033,0.021760175994131714
2034,0.10222547900048085
2035,0.02308605600410374
2036,0.020958346998668276
2037,0.07762352900317637
2038,0.022120504996564705
2039,0.023281214998860378
2040,0.028757854001014493
2041,0.16832099499879405
2042,0.26570216100662947
2043,0.16138755200518062
2044,0.9293521100044018
2045,0.031473579998419154
2046,0.2498641790007241
2047,0.8325422139969305
2048,0.09024347499507712
2049,0.05872000299859792
2050,0.04571838099946035
2051,0.034474678002879955
2052,0.18387739099853206
2053,0.03575525299675064
2054,0.0393308960046852
2055,0.03407179799978621
2056,0.34401230300136376
2057,0.05872899800306186
2058,0.017764032003469765
2059,0.09218339500512229
2060,0.07175553599518025
2061,0.03682983600447187
2062,0.02295536399469711
2063,0.33607394399587065
2064,0.027792734996182844
2065,0.030283000000054017
2066,0.04046276900044177
2067,0.11551249900367111
2068,6.289165226997284
2069,0.049084193000453524
2070,0.14863818699814146
2071,0.1529497919982532
2072,0.11053274699952453
2073,0.02850149600271834
2074,0.028423802999895997
2075,0.08359840200137114
2076,0.039655020998907275
2077,0.01854767600161722
2078,1.4568157930043526
2079,0.016378708998672664
2080,0.025501099997200072
2081,0.02265132799948333
2082,0.046591717000410426
2083,0.13258018199849175
2084,0.04531837999820709
2085,0.022801781000453047
2086,0.09325493399956031
2087,0.02909690999513259
2088,0.02640416299982462
2089,0.3041402009985177
2090,0.06262087899813196
2091,0.17912127599993255
2092,0.2669365280016791
2093,0.03241526000056183
2094,0.015797763000591658
2095,0.031268801001715474
2096,0.03154939100204501
2097,0.03508448100183159
2098,0.0417025869974168
2099,0.14702632099943003
2100,0.026750247001473326
2101,0.1357437909973669
2102,0.3599547990015708
2103,0.08978953699988779
2104,0.054813511997053865
2105,0.018059852998703718
2106,0.022278439995716326
2107,1.749666334995709
2108,0.5163549400022021
2109,0.20601021399488673
2110,0.041609661995607894
2111,0.17158102599933045
2112,0.015287676003936213
2113,0.03716104799968889
2114,0.015657583004212938
2115,0.381169410997245
2116,1.1473368430015398
2117,0.04117686999961734
2118,0.4090286840000772
2119,0.02157361200079322
2120,0.0785702730063349
2121,0.02057157799572451
2122,0.23851540200121235
2123,0.0403704030031804
2124,0.0643783209961839
2125,0.02560151200304972
2126,0.01539118199434597
2127,0.023966456996276975
2128,0.6834136149991537
2129,0.12554331999854185
2130,0.3988297670002794
2131,0.16686789400409907
2132,0.1621925180006656
2133,0.04301586099609267
2134,1.396578779000265
2135,0.11444562299584504
2136,0.04337140600546263
2137,0.01577883099525934
2138,6.236090329002764
2139,0.5009291579990531
2140,0.6291489720024401
2141,0.07302289800281869
2142,0.14615895700262627
2143,0.022515805998409633
2144,0.4517102280005929
2145,0.045593943003041204
2146,0.07297260299674235
2147,0.04743567499826895
2148,1.2072604810018674
2149,0.027507751001394354
2150,0.015875826000410598
2151,0.048668374998669606
2152,0.020485610999458004
2153,0.02233344999694964
2154,0.01884338099625893
2155,0.025932798998837825
2156,0.023933744996611495
2157,0.17998644400358899
2158,0.12680646899389103
2159,0.04028254399599973
2160,0.05854775400075596
2161,6.570580993997282
2162,0.04711259300529491
2163,0.05374999200284947
2164,0.030639315002190415
2165,0.033348242002830375
2166,0.019123186000797432
2167,0.04108050500508398
2168,0.04606600799888838
2169,0.0882378769965726
2170,0.19540088600479066
2171,0.015079922995937523
2172,0.05919323100533802
2173,0.014838267001323402
2174,0.09078459099691827
2175,0.016393190002418123
2176,0.7360362019971944
2177,0.01920805999543518
2178,0.015457681998668704
2179,0.018661727001017425
2180,0.04064982500131009
2181,0.020677127999078948
2182,0.04366142299841158
2183,0.048063027003081515
2184,0.042585121002048254
2185,0.020013170993479434
2186,0.034669815002416726
2187,0.05382036499941023
2188,0.11246437100635376
2189,0.07896764899487607
2190,0.31585269800416427
2191,0.26235568999982206
2192,0.01572861500608269
2193,0.014815804002864752
2194,0.14769016400532564
2195,0.05218438900192268
2196,0.028677643997070845
2197,0.016648313001496717
2198,0.10854540799482493
2199,0.060613927998929285
2200,0.4913670509995427
2201,0.05201687099906849
2202,0.609062711999286
2203,0.23125561199412914
2204,0.063392449003004
2205,0.12666560200159438
2206,0.017494606006948743
2207,0.11862196600122843
2208,0.05282114100555191
2209,0.047946555001544766
2210,0.021350427996367216
2211,0.40428923700528685
2212,0.030537167003785726
2213,0.058104536998143885
2214,0.031079611006134655
2215,0.04459904500254197
2216,0.5054249480017461
2217,0.0370386119975592
2218,0.016042256997025106
2219,0.5285654870021972
2220,0.19074201399780577
2221,0.02560012799949618
2222,0.0244667339939042
2223,3.7365017279953463
2224,0.09934606699971482
2225,0.02142097400064813
2226,0.0829731769990758
2227,0.034203066999907605
2228,0.12915150899789296
2229,0.0638051829955657
2230,0.07182516700413544
2231,0.04735664399777306
2232,0.04114890700293472
2233,0.07650274500338128
2234,0.03521056300087366
2235,0.04664398300519679
2236,0.041114785002719145
2237,0.030706960998941213
2238,0.03432203200645745
2239,0.0344572789981612
2240,0.014134008000837639
2241,0.0351553239961504
2242,0.14080416099750437
2243,0.0782256239981507
2244,1.0597253439991619
2245,0.1294081450032536
2246,0.1352888119945419
2247,0.017344824998872355
2248,1.5749635839965777
2249,0.11178891199961072
2250,0.0511401379990275
2251,0.19856499800516758
2252,2.910886236000806
2253,0.1528937999974005
2254,1.162008594001236
2255,0.08253175199934049
2256,0.10270216699427692
2257,0.01561684700573096
2258,0.027042934998462442
2259,0.04230260899930727
2260,2.5682615660043666
2261,0.045440158995916136
2262,0.055901896994328126
2263,0.3675041709939251
2264,0.021371382994402666
2265,0.0875989109990769
2266,0.01464698500058148
2267,0.024399069996434264
2268,0.022010622000379954
2269,0.029217440001957584
2270,0.10462545700283954
2271,1.576604302994383
2272,0.014246128004742786
2273,0.03735852800309658
2274,0.05357917000219459
2275,0.08351931200013496
2276,0.14655531800235622
2277,0.016975079000985716
2278,0.16224676500132773
2279,0.09355316200526431
2280,0.03269375099625904
2281,0.10487172099965392
2282,0.050278435002837796
2283,0.24733866899623536
2284,0.07016476699936902
2285,0.08107917500456097
2286,0.03355993799777934
2287,0.03414808600064134
2288,0.4292833500003326
2289,0.372060349000094
2290,0.25467533499613637
2291,0.08527465700171888
2292,0.04747247199702542
2293,0.019917466001061257
2294,0.08842224600084592
2295,0.024056763999396935
2296,0.03936194700509077
2297,0.07571659699897282
2298,0.039885725993372034
2299,0.42423930799850496
2300,0.07754542199836578
2301,0.4670715600004769
2302,0.07060595400253078
2303,1.7633609149997937
2304,0.029036097999778576
2305,0.2879396509961225
2306,0.08127676499861991
2307,0.0293036459988798
2308,0.1434357070029364
2309,0.037861739001527894
2310,0.10861405700416071
2311,0.03283841200027382
2312,0.05375783600175055
2313,0.025719703000504524
2314,0.10857529799977783
2315,0.09261467200121842
2316,0.017193628002132755
2317,0.34576212499814574
2318,0.07378745999449166
2319,0.22566023499530274
2320,0.021242608003376517
2321,0.044722030994307715
2322,0.022392462997231632
2323,0.03322164199926192
2324,0.9298909729986917
2325,0.03176608299690997
2326,0.04140909000125248
2327,0.7726505450045806
2328,0.019189933998859487
2329,0.081990067003062
2330,0.16786566799419234
2331,0.3290275979961734
2332,0.07203703499544645
2333,0.016470390000904445
2334,0.016227840998908505
2335,0.09723539900005562
2336,0.06732146600552369
2337,0.02147683200018946
2338,0.01886120199924335
2339,0.1280278720005299
2340,0.04148875600367319
2341,0.16185662500356557
2342,0.03369878599914955
2343,0.028750063996994868
2344,0.015159775997744873
2345,0.07333066499995766
2346,0.050365153001621366
2347,0.03485265400377102
2348,0.17654360800224822
2349,0.051209012999606784
2350,0.02246421799645759
2351,0.15766672999598086
2352,0.10204576300020562
2353,0.07915011099976255
2354,0.019701427001564298
2355,0.3515750040023704
2356,0.087230424003792
2357,0.08185787699767388
2358,0.4595567939977627
2359,0.029180008001276292
2360,0.08723551999719348
2361,0.02163806699536508
2362,0.07086457499826793
2363,0.12861342299584066
2364,0.05903405100252712
2365,0.035621267001261
2366,0.036904955995851196
2367,0.02234101299836766
2368,0.035107557006995194
2369,0.03216549100034172
2370,0.05781771000329172
2371,0.19460292599978857
2372,0.01930175600136863
2373,0.03917276400170522
2374,0.01859219300240511
2375,0.13228679000167176
2376,0.04800258100294741
2377,0.021528240002226084
2378,0.030206633993657306
2379,0.8932635950041004
2380,0.02513402100157691
2381,0.1825312250002753
2382,0.7951880629989319
2383,0.43371092100278474
2384,0.14048746700427728
2385,0.08385184399958234
2386,0.059485198005859274
2387,0.06518124399735825
2388,0.28808633999869926
2389,0.5151435689986101
2390,0.03639764700346859
2391,0.026724552997620776
2392,0.04466085199965164
2393,0.016221853999013547
2394,0.021272288002364803
2395,0.1402781050055637
2396,0.01935090500046499
2397,0.018735595993348397
2398,0.015558637001959141
2399,0.024399640002229717
2400,0.01733166399935726
2401,0.04737821400340181
2402,0.054191589006222785
2403,0.019292163000500295
2404,0.8022299200019916
2405,0.1193104330013739
2406,0.1608176080044359
2407,0.9410985680005979
2408,0.24486302000150317
2409,0.043328646999725606
2410,0.3339734539986239
2411,2.333051523004542
2412,0.5022506399982376
2413,0.022773247997974977
2414,0.0762590390004334
2415,0.02508330599812325
2416,0.014871033003146295
2417,0.034976652001205366
2418,1.3073544150029193
2419,0.23099157600518083
2420,0.04637913500482682
2421,0.06659883599786554
2422,0.0978394850026234
2423,0.15372014800232137
2424,0.09690227700048126
2425,0.08044961500127101
2426,0.271378060002462
2427,0.1287656109998352
2428,0.0232582749958965
2429,0.6091386830012198
2430,0.8978629929988529
2431,0.05991070000163745
2432,0.04862491200037766
2433,0.5182363779968
2434,0.029583974996057805
2435,0.09876187099871458
2436,0.10082312900340185
2437,0.3125520620014868
2438,0.01671590399928391
2439,0.6703457399999024
2440,0.15126402599707944
2441,0.07078948399430374
2442,0.0887989490001928
2443,0.20293565100291744
2444,0.025123384002654348
2445,0.29319200700410875
2446,0.02777004599920474
2447,0.016366928997740615
2448,2.908857454000099
2449,1.0031550560015603
2450,0.038918113001273014
2451,0.07431469499715604
2452,0.024215805999119766
2453,0.05242927100334782
2454,0.01644928000314394
2455,0.4764432259980822
2456,0.28042686399567174
2457,0.049740851995011326
2458,1.6107065539981704
2459,0.050018795001960825
2460,0.047462629998335615
2461,0.018730773001152556
2462,1.0829647520004073
2463,0.10275082600128371
2464,0.08259010199981276
2465,0.13713635899330257
2466,0.017979655996896327
2467,0.03470139000273775
2468,0.154537144000642
2469,0.08913849500095239
2470,0.04294810000283178
2471,0.025665792003565002
2472,0.23927404300047783
2473,0.03696651199425105
2474,0.049582708001253195
2475,0.05083400999865262
2476,0.06578741999692284
2477,5.082388600996637
2478,0.04568228499556426
2479,0.0543424679999589
2480,0.05094098800327629
2481,0.47984370999620296
2482,0.02878572700137738
2483,0.44378973099810537
2484,0.2066039749988704
2485,0.0943471110003884
2486,0.036381416000949685
2487,0.03667512799438555
2488,0.11248739800066687
2489,0.0698427180032013
2490,0.030939181997382548
2491,0.4701455289978185
2492,0.02524126900243573
2493,0.017152107000583783
2494,0.23632120300317183
2495,0.029296583001269028
2496,0.06226174499897752
2497,0.02137837999907788
2498,0.047776991996215656
2499,0.02205607100040652
2500,0.018221819002064876
2501,0.05739858400193043
2502,0.15802105899638264
2503,0.017388139000104275
2504,0.0408306690005702
2505,0.027543323005374987
2506,0.06891999999788823
2507,0.048340663000999484
2508,0.3599276320019271
2509,0.11214909300178988
2510,0.025199940995662473
2511,0.6101005390009959
2512,0.0631802179996157
2513,0.319642472997657
2514,0.020119303997489624
2515,0.017586795998795424
2516,0.016174429998500273
2517,0.035273697998491116
2518,0.2934369419963332
2519,0.7572092579939635
2520,0.07125914000062039
2521,0.2531415109988302
2522,0.22389031100465218
2523,0.09108147900406038
2524,1.945593470998574
2525,0.032769396995718125
2526,0.021906018002482597
2527,0.046251603998825885
2528,1.7052829390013358
